{
    "accuracy": 0.9966666666666667,
    "precision": 0.9950248756218906,
    "recall": 1.0,
    "f1_score": 0.9975062344139651,
    "detailed_report": {
        "normal": {
            "precision": 1.0,
            "recall": 0.99,
            "f1-score": 0.9949748743718593,
            "support": 100.0
        },
        "wound": {
            "precision": 0.9950248756218906,
            "recall": 1.0,
            "f1-score": 0.9975062344139651,
            "support": 200.0
        },
        "accuracy": 0.9966666666666667,
        "macro avg": {
            "precision": 0.9975124378109452,
            "recall": 0.995,
            "f1-score": 0.9962405543929123,
            "support": 300.0
        },
        "weighted avg": {
            "precision": 0.9966832504145937,
            "recall": 0.9966666666666667,
            "f1-score": 0.9966624477332632,
            "support": 300.0
        }
    }
}