epoch,train_loss,train_acc,val_loss,val_acc
0,0.053667020185882076,0.9733333333333334,0.0877094166384389,0.98
1,0.02114168235539978,0.9925,0.09273000031767879,0.98
2,0.002983684178181676,0.9983333333333333,0.056452815255339225,0.9833333333333333
3,0.012587794650760688,0.9983333333333333,0.04813237969232617,0.9966666666666667
4,0.008611914525730608,0.9975,0.022875957115372218,0.9966666666666667
